<?xml version="1.0" encoding="UTF-8"?>
<actions>
        <action>
            <actionName>run</actionName>
            <packagings>
                <packaging>jar</packaging>
            </packagings>
            <goals>
                <goal>process-classes</goal>
                <goal>org.codehaus.mojo:exec-maven-plugin:1.5.0:exec</goal>
            </goals>
            <properties>
                <exec.args>-Dfile.encoding=UTF-8 -classpath %classpath ${packageClassName}</exec.args>
                <exec.executable>java</exec.executable>
            </properties>
        </action>
        <action>
            <actionName>run.single.main</actionName>
            <packagings>
                <packaging>*</packaging>
            </packagings>
            <goals>
                <goal>process-classes</goal>
                <goal>org.codehaus.mojo:exec-maven-plugin:1.5.0:exec</goal>
            </goals>
            <properties>
<<<<<<< HEAD
                <exec.args>-classpath %classpath ${packageClassName}</exec.args>
=======
                <exec.args>-Dfile.encoding=UTF-8 -classpath %classpath ${packageClassName}</exec.args>
>>>>>>> origin/main
                <exec.executable>java</exec.executable>
                <exec.classpathScope>${classPathScope}</exec.classpathScope>
            </properties>
        </action>
    </actions>
